LGA,S/N,WARD,PROJECT TO BE EXECUTED,LOCATION
Aboh Mbaise,1,UVURU WARD 1,Construction of 6-room lock up shop,Orie Uvuru Market Square,
Aboh Mbaise,2,NGURUNWENKWO WARD,Construction of solar borehole,Oboama Nguru Primary School,
Aboh Mbaise,3,UVURU WARD 2,Construction of 6 locker shops,Umukohie Town Hall, Ama-Asaa Autonomous Community
Aboh Mbaise,4,UMUHU WARD,Construction of borehole drilling and overhead tank with industrial solar panel,Along Umunaga Road, Umuhu
Aboh Mbaise,5,ENYIOGUGU WARD,Construction of six standard lock up shops,Afor-Enyiogugu Market Square,
Aboh Mbaise,6,IBEKU WARD,Construction of fifteen (15) standard open shops with toilet,Eke Ibeku Market Square,
Aboh Mbaise,7,NGURU NWEKE WARD,Construction of borehole drilling, overhead tank and renovation of civic center,Eke Nguru Abattior Market and Umuolo Umuaham Amaohuru Nguru
Aboh Mbaise,8,MBUTU WARD,Construction of solar water project,Orie Mbutu Market Square,
Aboh Mbaise,9,AMUZU WARD,Construction of 6 locker shops,Eke-Oha Market, Amuzu Autonomous Community
Aboh Mbaise,10,LORJI WARD,Construction of 16 open shops with one toilet,Eke-Ukwu Lorji Market,
Aboh Mbaise,11,LAGWA WARD,Construction of 16 open shops,Nkwo Lagwa Market,
Ahiazu Mbaise,1,AMUZI/IHENWEORIE WARD,Erection of lockup shops,Orieikpa Market,
Ahiazu Mbaise,2,UMUNOMO/UMUCHIEZE WARD,Construction of open block shops (3 buildings),Umunomo/Umuchieze,
Ahiazu Mbaise,3,OGBOR/UMUEZE WARD,Construction of open market,Ogbor/Umueze Ward,
Ahiazu Mbaise,4,NNARAMBIA WARD,Construction of new lockup shops with solar street light,Designated market areas in Narambia,
Ahiazu Mbaise,5,MPAM WARD,Construction of new lockup shops,Designated market areas in Mpam,
Ahiazu Mbaise,6,OKIRIKA NWEKE WARD,Construction of new lockup shops,Designated market areas in Okrika Nweke,
Ahiazu Mbaise,7,OPARANADIM WARD,Drilling of Borehole,Eke Eziama Market Square Oparanadim,
Ahiazu Mbaise,8,ORU/LUDE WARD,Construction of Borehole,Afor-Oru Market Square,
Ahiazu Mbaise,9,OBOHIA/EKWERAZU TOWN WARD,Construction of Lockup Shops,Nkwo-Obohia Market Square,
Ahiazu Mbaise,10,OGBE WARD,Refurbishment of Boreholes and tank stand with solar street light,Ogbe Ward,
Ahiazu Mbaise,11,OTULU/AGUNEZE WARD,Construction of new lockup shops,Designated market areas in Otulu/Aguneze,
Ahiazu Mbaise,12,OKIRIKANWENKWO WARD,Rehabilitation of borehole water,Umuokrika Health Centre, Okrikanwankwo
Ehime Mbano,IKPE NSU WARD,Renovation of primary schools ten thousand gallons solar water borehole
Ehime Mbano,UMUEZE 1 WARD,Water borehole of 3000 gallon capacity with power generating plant
Ehime Mbano,IHITTE NSU WARD,Solar Powered Street Light
Ehime Mbano,UMUEZE 2/UMUELEKE WARD,Water borehole of Three thousand (3000) gallons capacity with power generating plant
Ehime Mbano,UMUNUMO WARD,Training of 60 youth in different skills at Mbara Ozioma College of Technology
Ehime Mbano,AGBAJA WARD,Construction of one line open market & Water borehole of Three Thousand (3000) gallons capacity with power generating plant
Ehime Mbano,UMUKABIA WARD,Water borehole of Three Thousand (3000) gallons capacity with power generating plant
Ehime Mbano,NZEREM/IKPEM WARD,Renovation of staff office building of community secondary school Dioka-Nzerem
Ehime Mbano,UMUALUMAKU/UMUIHIM WARD,Solar Powered borehole of 3000 gallons capacity with generating set
Ehime Mbano,UMUEZEALA WARD,Water borehole of Three Thousand (3000) gallons capacity with power generating plant
Ehime Mbano,UMUEZEALA WARD,Public Toilet
Ehime Mbano,UMUEZEALA WARD,Renovation of 4 Block Classroom
Ehime Mbano,UMUNAKANU WARD,Water borehole of 4000 gallon capacity with power generating plant
Ehime Mbano,UMUNAKANU WARD,Rehabilitation of Water borehole of 10000 gallon capacity
Ezinihitte Mbaise,1,Amumara Ward 1,Proposal for Building of Lockup Shops (5),Nkwo-Otulu Aumuma Market Square
Ezinihitte Mbaise,2,Itu Ward 2,Construction of a 3 Room Administrative Block,Itu Secondary School
Ezinihitte Mbaise,3,Okpofe & Ezeagbogu Ward 3,Renovation of Ezeagbogu Nursing Leaving House Health Center,Ezeagbogu
Ezinihitte Mbaise,4,Onicha 1 Ward 4,Proposed Project Construction of Solar Borehole,Community Primary School Umuekwene Onich Onicha Nweorie Autonomous Community
Ezinihitte Mbaise,5,Onicha 2 Ward 5,Digging of New Bore-Hole,Amoji in Ubonukam Onicha
Ezinihitte Mbaise,6,Onicha 3 Ward 6,Renovation Fencing and Equipping of Health Center,Umuhu Onicha Nwe-Nkwo Aut. Community
Ezinihitte Mbaise,7,Onicha4 Ward 7,Completion of Perimeter Fencing & Water Reticulation with overhead Tanks,Omukwu health Center
Ezinihitte Mbaise,8,Eziudo Ward 8,Building of Lockup Shops (5),In Nkwo-Eziudo Market
Ezinihitte Mbaise,9,Udo Na Obizi Ward 9,Construction of six(6) restroom blocks(3 for male/3 for female use),In Ogwumabiri Market
Ezinihitte Mbaise,10,Ihitte Ward 10,Installation of Solar Street Lights Across Eleven (11) Villages in Ihitte Ward 10,Ihitte Ward 10 in Ezinihitte Mbaise L.G.A
Ezinihitte Mbaise,11,Oboama/Umunama Ward 11,Fencing/Renovation of Oboama Health Center,Oboama Motor Park Ezinihitte Mbaise L.G.A
Ezinihitte Mbaise,12,Ife/Chokoneze/Akpodim Ward 12,Building of 5 lockup shops,Ogummabiri Ife
Ideato North,1,AKWU-OWERRI AKOKWA WARD,Construction of Culvert,Akwu-Owerri Akokwa,,
Ideato North,2,AKWU-OWERRI AKOKWA WARD,Construction of Drainage/Gutter,Akwu-Owerri Akokwa,,
Ideato North,3,NDIMOKO WARD,Construction of a new sanitary facility & Renovation of HM's Staff office in the community primary school,Community Primary School Ndimoko,,
Ideato North,4,NDIMOKO WARD,Provision of new reading desk furniture/chair for the class rooms,Community Primary School Ndimoko,,
Ideato North,5,OBODOUKWU WARD,Construction of modern primary school hall (CS3),Obodoukwu,,
Ideato North,6,OBODOUKWU WARD,Construction of Public toilet at Eke Obodoukwu Market,Obodoukwu,,
Ideato North,7,OZUAKOLI/UMUAGO WARD,Installation of 33KVA transformer,Ozuakoli/Umuago,,
Ideato North,8,OZUAKOLI/UMUAGO WARD,Installation of street light,Ozuakoli/Umuago,,
Ideato North,9,IHEME WARD,Renovation of the Health Centre at Ikpeze Uno,Ikpeze Uno, Iheme Autonomous Community,
Ideato North,10,IHEME WARD,Construction of culvert at Umunwoke/Saint Phillips Road,Umunwoke/Saint Phillips Road, Ndi-Akeme Uno, Arondizuogu
Ideato North,11,OSINA WARD,Construction of Culvert,Osina,,
Ideato North,12,OSINA WARD,Rehabilitation of Road,Osina,,
Ideato North,13,OZU/EZEMAZU WARD,Training workshop on agriculture and green spaces,Ozu/Ezemazu,,
Ideato North,14,OZU/EZEMAZU WARD,Develop youth mentorship programmes / after school activities,Ozu/Ezemazu,,
Ideato North,15,ISIOKPO WARD,Construction of open shades at Affor Isiokpo Market,Isiokpo,,
Ideato North,16,ISIOKPO WARD,Construction of modern toilet facility in Ideato-North modern primary school,Isiokpo,,
Ideato North,17,IZUOGU WARD 1,3 toilet blocks facilities for three (3) community schools in ward 1 at Ndiawa,Ndiawa,,
Ideato North,18,IZUOGU WARD 1,3 toilet blocks facilities for three (3) community schools in ward 1 at Ndiadimoha,Ndiadimoha,,
Ideato North,19,IZUOGU WARD 2,Road Culverts of b metres length, 1 metre weight and 0.9 Metre depth,Izuogu Ward 2,
Ideato North,20,IZUOGU WARD 2,A block of three (3) toilet facilities for schools,Izuogu Ward 2,,
Ideato North,21,AKPULU WARD,To make or create a centre for craft-training of sewing for students of Akpulu Secondary School Akpulu (ASSA) particularly by installing 4 singer or butterfly sewing machine for the students who will show interest in learning the skill,Akpulu Secondary School Akpulu,,
Ideato North,22,AKPULU WARD,Construction of culvert at the entrance of umuada or ada Akpulu daughters association,Akpulu,,
Ideato North,23,UZII UMU-ALAOMA WARD,Two culverts at Umualaoma community to be sited at Uchu/Obinuhu and Etiti-Alaike via Obi Ajaegbu,Umualaoma,,
Ideato North,24,UZII UMU-ALAOMA WARD,Another Culvert to be sited at uzii community,Uzii,,
Ideato North,25,UMUKEGWU/UMUOPIA WARD,Roofing of Central school Umuopia Akokwa,Umuopia Akokwa,,
Ideato North,26,UMUKEGWU/UMUOPIA WARD,Building of toilets in Ekezeala community nursery/primary school,Ekezeala Community Nursery/Primary School Umukegwu,,
Ideato North,27,UMUOKWARA/UMUEZEAGA WARD,Building of Culverts,Umuokwara/Umuezeaga,,
Ideato North,28,UMUOKWARA/UMUEZEAGA WARD,Erection of toilet in Umuokwara Central School,Umuokwara Central School,,
Ideato South,1,Ogboko Ward 1,Installation of Solar Powered Borehole Dual & Generator,Ogboko Ward 1
Ideato South,2,Umuakam/Umuago Ward,Renovation of Nkwo Market and Construction of public toilet facility,Nkwo Market
Ideato South,3,Umumobom Ward,Construction of Open shades at Orie Umuobom & Renovation of the market,Orie Umuobom Market
Ideato South,4,Obiohia Ward,Installation of Electrical Poles and Electric wires in three villages that have not experienced electricity before,Three villages in Obiohia Ward
Ideato South,5,Obiohia Ward,Installation of solar street light round the community,Obiohia Ward community
Ideato South,6,Obiohia Ward,Building of modern market,Obiohia Ward
Ideato South,7,Isiekeniesie Ward 2,Renovation of Nkwo Market,Nkwo Market
Ideato South,8,Isiekeniesie Ward 2,Construction of public toilet facility,Isiekeniesie Ward 2
Ideato South,9,Umuchima Ward,Construction of four room lock up shops with packing store at Nkwo Umuchima,Nkwo Umuchima
Ideato South,10,Ntueke Ward,Renovation/Construction of lock up shops at Ntueke market,Ntueke market
Ideato South,11,Ogboko Ward 2,Solar Powered Borehole powered by Generator,Ogboko Ward 2
Ideato South,12,Isiekeniesie Ward 1,Construction of culverts on the roads/streets of Isiekenesi Ward 1,Isiekenesi Ward 1
Ideato South,13,Umuma Isiaku Ward,Renovation of Umuegbu Nkwo Market,Umuegbu Nkwo Market
Ideato South,14,Ugelle Ward,Renovation of 12 classroom block at the Comprehensive Secondary School Ugbelle,Comprehensive Secondary School Ugbelle
Ideato South,15,Dikenafai Ward,Construction of one gigantic stall at Orie Ukwu Dikenafai with a paved surrounding,Orie Ukwu Dikenafai
Ideato South,16,Amanato/Umueshi Ward,Construction of six (6) modern lock up shops at Umueshi Community Market Amanato/Umueshi Ward,Umueshi Community Market
Ihitte Uboma,1,ABUEKE WARD,Renovation of sections of Abueke Healthcare centre,Abueke,,,,,
Ihitte Uboma,2,AMAINYI WARD,Installation of solar streetlights across all parts of Amainyi ward,Amainyi,,,,,
Ihitte Uboma,3,AMAKOHIA WARD,Construction/Building of market at Nkwo Ihitte market square,Amakohia,,,,,
Ihitte Uboma,4,ATONERIM WARD,Renovation of Eke Elungwu market at Atonerim ward,Atonerim,,,,,
Ihitte Uboma,5,AWUCHINUMO WARD,Renovation of a 3-classroom block with office at community primary school, Umuawuchi, including: Reroofing, Plastering, Painting,Community Primary School, Umuawuchi
Ihitte Uboma,6,DIMNEZE WARD,Renovation and roofing of Ezimba health centre,Ezimba,,,,,
Ihitte Uboma,7,OKATA WARD,Fencing of Okata health Centre,Okata,,,,,
Ihitte Uboma,8,IKPEREJERE WARD,Construction/Building of new 2 bedroom self-contained quarters for healthcare sisters at Umuoma autonomous community,Umuoma,,,,,
Ihitte Uboma,9,UMUEZEGWU WARD,Renovation/Reconstruction of Eke Umuezegwu Market,Umuezegwu,,,,,
Ihitte Uboma,10,UMUIHI WARD,Rehabilitation, reticulation, and installation of solar powered Borehole located at Afor Umuihi,Umuihi,,,
Ikeduru,1,Iho Ward,Construction of 6 Units of Lockup Shops at Eke Iho Market,Eke Iho Market
Ikeduru,2,Amaimo Ward,Construction of 6 Units of Lockup Shops at Nkwoimo Market Amaimo,Nkwoimo Market Amaimo
Ikeduru,3,Atta Ward 2,Construction of 24 Units of Open Shops at Eke Atta Market,Eke Atta Market
Ikeduru,4,Amakohia Ward,Installation of Solar-Powered Borehole Scheme at Amakohia and 20 Pieces of Solar Street Lights,Amakohia
Ikeduru,5,Agba Ward,Completion of Window Fittings at Ebikoro Women Civic Centre with Perimeter Fence at Nkwo Aboh,Ebikoro Women Civic Centre with Perimeter Fence at Nkwo Aboh
Ikeduru,6,Inyishi/Umudim Ward,Construction of 6 Units of Lockup Shops at Eke Inyishi Market,Eke Inyishi Market
Ikeduru,7,Atta Ward 1,Construction of 24 Units of Open Shops at Eke Atta Market,Eke Atta Market
Ikeduru,8,Akabo Ward,Construction of a 4-Room Security Post at Akabo,Akabo
Ikeduru,9,Okwu/Ugirike/Eziama Ward,Construction of 24 Units of open shops at Nkwo Ugiri-ike Market,Nkwo Ugiri-ike Market
Ikeduru,10,Avuvu Ward,Installation of Solar powered Water Scheme at Avuvu Ward and 20 Pieces of Solar Street Lights,Avuvu Ward
Ikeduru,11,Ngugo/Ikembara Ward,Renovation of Ikembara Health Centre,Ikembara Health Centre
Ikeduru,12,Amatta Ward,Construction of a 4-Room Administrative Secretariat for Amatta Town Union,Amatta Town Union
Isiala Mbano,1,UMUELEMAI,Construction of open Market Stalls at Nkwo Umunkwo Market Square,Umuelemai
Isiala Mbano,2,USU-OWEERE WARD 2,Construction of open Market Stalls at Orie Ezihe Market Square,Usu-Oweere Ward 2
Isiala Mbano,3,OSUOWERRE WARD 1,Presentation of Constituency projects for Ouowerre ward 1,Osouwerre Ward 1
Isiala Mbano,4,OBOLLO WARD,Construction of Open market at Nkwo Obollo Market Square,Obollo Ward
Isiala Mbano,5,OGBOR WARD,Construction of Lock up shop(s) at Eke Ogbor Market,Ogbor Ward
Isiala Mbano,6,OSUAMA/ANARA WARD,Construction of a Community Borehole at Osuama-Anara Ward,Osuama/Anara Ward
Isiala Mbano,7,IBEME WARD,Opening a solar powered Borehole at Orie Umuonyeogu Market and Afor Ibeme market,Ibeme Ward
Isiala Mbano,8,UGIRI OKA WARD,Construction of Open market stalls at Eke umuneke Market,Ugiri Oka Ward
Isiala Mbano,9,AMARAKU WARD,Solar Powered Borehole with Solar Powered Sumo,Amaraku Ward
Isiala Mbano,10,UMUOZU WARD,Construction of open Market Phase 1 at Umuozo Autonomous Community,Umuozu Ward
Isiala Mbano,11,OSUACHARA WARD,Construction of an Open Market,Osuachara Ward
Isiala Mbano,12,AMAUZARI WARD,Provision of Solar powered Borehole water,Amauzari Ward
Isu,1,Njaba 2,1 No Bore Hole,Njaba 2
Isu,2,Umundugba 2,Renovation of a four classroom block and head teachers office,Town School Nnerim Ndubga
Isu,3,Amurie Omanze 1,Borehole,Orie Amurie Market
Isu,4,Ekwe 1,Rehabilitation of five (5) classroom block,Central School Ekwe
Isu,5,Amurie 2,Drilling of Public solar powered borehole with two overhead tanks,Amaeze Amurie
Isu,6,Amandugba 1,Drilling of Borehole,Amandugba 1
Isu,7,Isunjaba 3,5 rooms lockup shop,Isunjaba 3
Isu,8,Amandugba 2,Drilling of Borehole,Amandugba 2
Isu,9,Umundugba 1,Installation of Solar light,Umundugba 1
Isu,10,Ekwe 2,Re-roofing of Uburuekwe primary health Center,Ekwe 2
Isu,11,Isunjaba 1,Installation of Solar light,Isunjaba 1
Mbaitoli,1,AFARA/EZIAMA WARD,Water borehole,Afara/Eziama Ward,
Mbaitoli,2,AMAIKE WARD,Water borehole,Amaike Ward,
Mbaitoli,3,EZINIHITTE WARD,Water borehole,Ezinhitte Ward,
Mbaitoli,4,IFAKALA WARD,Building of open shops,Ifakala Market Square,
Mbaitoli,5,OGBAKU WARD,Water borehole,Ogbagu Ward,
Mbaitoli,6,OGWA WARD 1,Drilling of borehole and tank stand,Ogwa Ward 1,
Mbaitoli,7,OGWA WARD II,Water borehole,Ogwa Ward II,
Mbaitoli,8,ORODO WARD A,Drilling of borehole and tank stand,Orodo Ward A,
Mbaitoli,9,ORODO WARD B,Drilling and installation of village borehole,Umudurunwa Village, Ubaha Autonomous Community
Mbaitoli,10,UBOMIRI WARD,Drilling of borehole and tank stand,Ubomiri Ward,
Mbaitoli,11,UMUNWOHA/UMUAGWU WARD,Renovation of open shops and construction of modern toilet facilities,Nkwo-Ohohia Market Square,
Mbaitoli,12,UMUNOHA/AZARA WARD,Construction of modern public convenience and rehabilitation of existing water project,Orieamaigne Market,
Ngor Okpala,1,AMALA/ALULU/OBURU/OBOKWE/NTU,Rehabilitation of Orie Orji Ntu Market,Ntu Autonomous Community, Ngor-Okpala,
Ngor Okpala,2,ELELEM/OBIKE WARD 2,Construction of Twenty Four (24) Open shops with six (6) toilets at Orie Umueme Obike Central Market,Umueme Obike, along Umueme/Obioma/Etche Road,
Ngor Okpala,3,OZUZU WARD 3,Construction of Sixteen (16) open shops with toilets at Community Market,Nkwo Eze Central Market, Orishaeze Ozuzu Autonomous Community,
Ngor Okpala,4,EZIAMA/OKPALA WARD 4,Construction of Solar Powered Borehole at Eke Umugo Market Square,Umuchulu Community,,
Ngor Okpala,5,IMERIENWE/UPE WARD 5,Construction of Solar Borehole (4% 12 Bar) of 60 meters at Umunakara Imerienwe for the first phase,Umunakara Imerienwe,,
Ngor Okpala,6,NGURU/UMUOWA WARD 6,Installation of Standard Solar System Borehole Water at Orie-Nguru Market Square,Nguru Umuaro,,
Ngor Okpala,7,WARD 7,Drilling of Borehole and Tank Stand in Ngor, Ihitte and Umukabia,Ngor, Ihitte and Umukabia
Ngor Okpala,8,OHEKELEM/NNORIE WARD 8,Building of Open Shops with Toilets at Eke Odah Central Market,Ohekelem Community,,
Ngor Okpala,9,UMUHU WARD 9,Rehabilitation of Market,Umuhu Community,,
Ngor Okpala,10,UMUHU WARD 9,Installation of Transformer in the market,Umuhu Community,,
Ngor Okpala,11,OBIANGWU WARD 10,Construction of Solar Borehole (4Â½ 12 bar) of 60 meters,Eke Isu Obiangwu Market,,
Ngor Okpala,12,UMUOHIAGU/LOGARA WARD,Solar Powered Borehole,Umuohiagu/Logara Ward,,
Njaba,1,Amucha Ward 1,300KVA BY 33,Amucha Ward 1
Njaba,2,Amucha Ward 2,1 Solar Powered Borehole,Amucha Ward 2
Njaba,3,Atta Ward 1,1 Solar Powered Borehole,Atta Ward 1
Njaba,4,Atta Ward 2,Solar Street Lights,Atta Ward 2
Njaba,5,Atta Ward 3,1 Solar Powered Borehole,Atta Ward 3
Njaba,6,Okwudor Ward,Solar Powered Borehole and Solar Street Lights,Okwudor Ward
Njaba,7,Nkume Ward,Solar Street Lights,Nkume Ward
Njaba,8,Umuaka Ward 1,Solar Powered Borehole at Achara,Achara
Njaba,9,Umuaka Ward 3,Renovation of Amakor Health Centre,Amakor Health Centre
Njaba,10,Umaka Ward 2,Palm Oil Processing Plant,Umaka Ward 2
Njaba,11,Umuaka Ward 4,Solar Powered Borehole and Solar Street Lights,Umuaka Ward 4
Nkwerre,1,Nnanano 2,Drilling of Solar powered Borehole,Nnanano 2,
Nkwerre,2,Nnanano 2,Renovation of classroom blocks,Nnanano 2,
Nkwerre,3,Amaokpara 9,Drilling of Solar powered Borehole,Amaokpara 9,
Nkwerre,4,Amaokpara 9,Renovation of classroom blocks,Amaokpara 9,
Nkwerre,5,Onusa 1,Drilling of Solar powered Borehole,Onusa 1,
Nkwerre,6,Onusa 1,Renovation of classroom blocks,Onusa 1,
Nkwerre,7,Umukor 3,Building of new toilet in community School Nkwere,Umukor 3,
Nkwerre,8,Umukor 3,Drilling of new solar borehole,Umukor 3,
Nkwerre,9,Umunachi/Umunubo 4,Building of toilet facilities at Nwaeke Market,Umunachi/Umunubo 4,
Nkwerre,10,Umunachi/Umunubo 4,Building of Toilet facilities in schools,Umunachi/Umunubo 4,
Nkwerre,11,Urban 5,Revamping 3 Moribund water boreholes, adding solar sumo pumps with new tanks,Urban 5
Nkwerre,12,Urban 5,Solar street lights and erosion control,Urban 5,
Nkwerre,13,Owerre Nkworji 6,Conversion of the ever busy water borehole in Umueke Village to a solar powered borehole,Owerre Nkworji 6,
Nkwerre,14,Owerre Nkworji 7,Drilling of a state of the art solar all in one system borehole with flood light and street lights,Owerre Nkworji 7,
Nkwerre,15,Umudi/Umuwala 8,Drilling of Solar powered Borehole with storage capacity,Umudi/Umuwala 8,
Nkwerre,16,Umudi/Umuwala 8,Renovation of classroom blocks,Umudi/Umuwala 8,
Nkwerre,17,Eziama/Obaire 10,Digging of solar borehole at Ezekwemba village hall,Eziama/Obaire 10,
Nwangele,1,Amaigbo 4,Drilling of Solar powered boreholes in strategic locations,Amaigbo 4
Nwangele,2,Abajah 1,Drilling of Borehole and tank stand,Abajah 1
Nwangele,3,Abba,"Building and equipping of Computer cyber center, solar charging centers and renovation of school blocks",Abba
Nwangele,4,Umuozu,Building of new classroom blocks,Central School Umuozu
Nwangele,5,Amaigbo 3,Drainage System,Umudurule-Town school-Oburedu River-Umuba-Dim-ebo-Ndikpa
Nwangele,6,Amaigbo 1,"Equipment of health center, solar lights, installation of water, generator for light",Amaigbo Ward 1 Health Center
Nwangele,7,Abajah 2,Drilling of new boreholes,Abajah 2
Nwangele,8,Amaigbo 5,Two Boreholes with Solar energy,Amaigbo 5
Nwangele,9,Dim-na-Nume,Drilling of Solar powered boreholes in strategic locations,Dim-na-Nume
Nwangele,10,Kara na Orlu,Rehabilitation of abandoned classrooms,Community School Umuorlu Isu Ancient Kingdom
Obowo,1,Avutu,Avutu Road and Street lighting,Avutu
Obowo,2,Amuzi,New Public BoreHole,Amuzi
Obowo,3,Alike,New Public BoreHole,Alike
Obowo,4,Okenalogho,New Public BoreHole,Okenalogho
Obowo,5,Amanze/Umungwa,New Public BoreHole,Amanze/Umungwa
Obowo,6,Odenkume/Umuosochie,Renovation and equipping of Umuosochie Town hall,Odenkume/Umuosochie
Obowo,7,Umunachi Ward 7,Construction of 5 lockup shops at Afor Umunachi,Umunachi Ward 7
Obowo,8,Okwuohia,Construction of 5 lockup shops at Eke Okwuohia Market Square,Okwuohia
Obowo,9,Ehume Ward,Construction of Solar powered borehole at Ehume health Center,Ehume Ward
Oguta,1,OGUTA WARD B,Building of modern toilets with borehole facilities powered by solar system,Oguta Main Market,
Oguta,2,MGBALLA/UBA WARD,Renovation of dilapidated school building (2 classrooms with 2 stores),Mgbala United Town School, Mgbala Agwa
Oguta,3,OSSE-MOTOR WARD,Building of lockup stores,Orie Market Osse-Motor,
Oguta,4,OGUTA WARD A,Building of solar powered borehole and water closet system (Rest room facilities),New Market Oguta,
Oguta,5,EGWE-EGBUOMA WARD,Rehabilitation of Borehole,Nkwo Egbu,
Oguta,6,AWA WARD,Supply of hospital beds to five health facilities,Five health facilities in Awa ward,
Oguta,7,OBUDI/ARO WARD,Construction of Industrial Boreholes,Obudi/Aro Ward,
Oguta,8,OBUDI/ARO WARD,Building of Civic Center,Obudi/Aro Ward,
Oguta,9,NDIULOUKWU UMUOWERE WARD,Project details to be determined,To be specified,
Oguta,10,UWAORIE WARD,Construction of Ogbogie openable market shops,Ogbogie Market,
Oguta,11,ORU WARD,Installation of Solar Boreholes at Health Centre,Health Centre, Oru Ward
Oguta,12,IZOMBE WARD,Building of lock-up shops,Ogba-Afor Izombe,
Ohaji Egbema,1,OBITTI/MGBUISII WARD,Two dwarf marketshops at Mgbuisii market,Mgbuisii Market,,
Ohaji Egbema,2,OBITTI/MGBUISII WARD,Public toilet at Obitti market,Obitti Market,,
Ohaji Egbema,3,EGBEMA WARD A,Construction & Installation of mono-pumps (man power pumps) in our communities,Egbema Ward A,,
Ohaji Egbema,4,EGBEMA WARD B,Construction of Umurji road convert,Umurji,,
Ohaji Egbema,5,EGBEMA WARD B,Renovation of Obiakpu school,Obiakpu,,
Ohaji Egbema,6,EGBEMA WARD C,Renovation of existing health centres,Egbema Ward C,,
Ohaji Egbema,7,EGBEMA WARD C,Social welfare enhancement programs,Egbema Ward C,,
Ohaji Egbema,8,EGBEMA WARD D,Renovation of the dilapidated market stall in Opuoma including the market motor park and provision of a central waste point,Opuoma Market,,
Ohaji Egbema,9,EGBEMA WARD E,Construction of a modern four (4) block lockup shops,Egbema Ward E,,
Ohaji Egbema,10,EGBEMA WARD E,Construction of water Borehole and reticulation,Egbema Ward E,,
Ohaji Egbema,11,AWARRA/IKWEREDE WARD,Creating modern markets with necessary amenities to support local business and traders with 10 Units Open Market at Old Market,Awarra/Ikwerede,,
Ohaji Egbema,12,ASSA/OBILE WARD,Laboratory building at government college,Assa/Oble,,
Ohaji Egbema,13,EKWUATO WARD,Provision of Borehole water supply at community centre school,Community Centre School, Ekwuato,
Ohaji Egbema,14,EKWUATO WARD,Provision of Borehole water supply at Nkwo Mgbirichi Market,Nkwo Mgbirichi Market,,
Ohaji Egbema,15,OHOBA WARD,Provision of clean drinkable water in schools, market, and health facilities,Ohoba Ward
Ohaji Egbema,16,UMUAGWO WARD,Mono pumps across Umuagwo ward: Umuagwo community, Umukene community, Etioha community & Okohia community,Umuagwo Ward
Ohaji Egbema,17,UMUAGWO WARD,Toilet in Umuagwo market,Umuagwo Market,,
Ohaji Egbema,18,UMUAGWO WARD,Solar Lights in our health centres (Umuagwo & Etioha),Umuagwo & Etioha Health Centres,,
Ohaji Egbema,19,UMUAPU WARD,Mono pumps across Umuapu ward,Umuapu Ward,,
Okigwe,AKU WARD,RECONSTRUCTION IHUBE-AKU BRIDGE & ROAD GRADING
Okigwe,EZINACHI WARD,BOREHOLE DRILLING
Okigwe,IHUBE WARD,RENOVATION OF MARKET/GRADING OF ROADS
Okigwe,URBAN 1 WARD,UBAHA TOWN HALL
Okigwe,URBAN 11,COMMUNITY SECONDARY SCHOOL OKIGWE
Okigwe,URBAN 11,EKE-OKIGWE MARKET
Okigwe,UMULOLO WARD,SOLAR DRIVEN BOREHOLE
Okigwe,UMUALUMOKE WARD,MINI BRIDGE
Okigwe,OGII WARD,ORIE OGII MARKET \ROADS
Okigwe,AGBOBU WARD,AGBOBU/IZUOGU PRIMARY SCHOOL
Okigwe,UMUAWAIBU WARD,SOLAR DRIVEN WATER BOREHOLE
Okigwe,UMUAWAIBU WARD,300KVA TRANSFORMER
Okigwe,AMURO WARD,NDI EKWURU BRIDGE
Onuimo,1,EZIAMA WARD 1,SOLAR POWERED BOREHOLE,Eziama Ward 1
Onuimo,2,OWERRE OKWE WARD 2,SOLAR POWERED STREET LIGHTS,Owerre Okwe Ward 2
Onuimo,3,UMUCHEKE OKWE WARD 3,SOLAR ENERGY POWERED BOREHOLE,Umucheke Okwe Ward 3
Onuimo,4,EZELU WARD 4,HIGH SOLAR POWERED STREET LIGHTS,Ezelu Ward 4
Onuimo,5,OFAHIA WARD 5,HIGH SOLAR POWERED STREET LIGHTS,Ofahia Ward 5
Onuimo,6,ABOH/OKOHIA WARD 6,SOLAR POWERED BOREHOLE,Aboh/Okohia Ward 6
Onuimo,7,OZIMO/UMUANUMEZE WARD 7,SOLAR POWERED STREET LIGHTS,Ozimo/Umuakumeze Ward 7
Onuimo,8,UMUNA WARD 8,SOLAR POWERED STREET LIGHTS,Umuna Ward 8
Onuimo,9,OKWELLE I WARD 9,SOLAR POWERED BOREHOLE,Okwelle I Ward 9
Onuimo,10,OKWELLE II WARD 10,SOLAR POWERED BOREHOLE,Okwelle II Ward 10
Orlu,1,ORLU/MGBEE Ward,Tarring of Orlu Girls Road,Orlu
Orlu,2,OGBERURU WARD,Borehole,Ogberuru
Orlu,3,OWERRE-EBEIRI WARD,Construction of Five (5) Lockup Shops at Orie Nwowerre Market,Owelle-Ebeiri
Orlu,4,AMAIFEKE WARD,Installation of a Solar Powered Borehole at Afor Ogidi Market,Amaiheukwu
Orlu,5,IHITEOWRRI WARD,Construction of Twenty (20) Openable Shops,Ihiteowerre
Orlu,6,EZIACHI/AMIKE WARD,Construction of Culvert,Eziachi/Amike
Orlu,7,UMUDIOKA WARD,Installation of Solar Street lights,Umudioka
Orlu,8,UMUZIKE/UMUOWA WARD,Building of open shops at Eke Umuowa Market,Umuike/Umuowa
Orlu,9,OHAEKE OKPORO WARD,Installation of a Solar Powered Borehole,Ohaeke Okporo
Orlu,10,OHAFOR OKPORO/UMUTANZE WARD,Construction of Four (4) rooms ultra modern public toilets facility at Orie Okporo Market,Ohafo Okporo/Umutanze
Orlu,11,OKWUABALA IHIOMA WARD,Construction of Five (5) Lockup Shops,Okwuabala Ihioma
Orlu,12,UMUNA WARD,Renovation of central school 1 Umuna,Umuna
Orlu,13,UMUNA WARD,Tarring of Orlu Girls Road to Amaezie,Umuna
Orlu,14,EBENESE/UMUEZENACHI WARD,Installation of Solar powered borehole,Ebenese/Umuezenachi
Orsu,1,AMARURU WARD,Installation of Solar Street Light,From Nkwodi Market Road to Ihungwu bordering Lilu town,
Orsu,2,EZIAWA WARD,Construction of Open Shade,Eziawa,
Orsu,3,ASSAH-UBIRIELEM WARD,Erosion Control at exit to Anambra State,Main exit to Anambra State,
Orsu,4,IHITENANSA WARD,Roofing and Re-equipping of Health Centre,Ihitenansa Health Centre, Umudim
Orsu,5,IHITENANSA WARD,Construction of Culvert and 20 Open Shops,Afor Nwa Iro Market, Ama-Na-Ogu
Orsu,6,ORSU-IHITEUKWA WARD,Installation of Solar Street Light,Ekeututu International Market Road and environs,
Orsu,7,OKWUETITI WARD,Construction of Solar Powered 7 Rooms Toilet/Bathroom Facilities,Ekeubahaeze Market, Awo-Idemili
Orsu,8,OKWUAMARAIHE WARD 2,Installation of Solar Lights,To be determined,
Orsu,9,OKWUAMARAIHE WARD 1,Installation of Solar Lights,To be determined,
Orsu,10,OKWUFURUAKU WARD,Renovation of Maternity Health Center,Okwufuruaku Ward,
Orsu,11,EBENATOR WARD,Renovation of Health Centre,Okwuruokwu Amannachi,
Orsu,12,UMUHU-OKABIA WARD,Installation of Solar Street Lights,Umuhu-Okabia Rural Area,
Oru East,1,OMUMA WARD,Installation of Solar/Electricity Powered Borehole,Omuma Ward
Oru East,2,AKATTA WARD,Installation of Solar/Electricity Powered Borehole,Akatta Ward
Oru East,3,AMIRI WARD II,Installation of Solar/Electricity Powered Borehole,Amiri Ward II
Oru East,4,AWO-OMAMMA WARD II,Reconstruction of Orie Ubachima Market,Orie Ubachima
Oru East,5,AWO-OMAMMA WARD I,Installation of Solar/Electricity Powered Borehole,Awo-Omamma Ward I
Oru East,6,AMAGU WARD,Replacement and Installation of Two Transformers,Amagu Ward
Oru East,7,AMIRI WARD I,Drilling of Solar Energy Powered Borehole,Onu-Orie Umudioka Amiri Isu Amiri ward 2
Oru East,8,AWO-OMAMMA WARD IV,Drilling of Solar Energy Powered Borehole,Amaukwu Umueme Awo-omamma Ward 4
Oru East,9,AWO-OMAMMA WARD III,Construction of Solar Powered Borehole,Awo-Omamma Ward 3
Oru East,10,AMAKAOHIA WARD,Installation of Solar Powered Borehole,Amakaohia Ward
Oru West,1,AMAOFUO WARD,Perimetre fencing of community primary school Amaofuo with iron gate on the both sides of the school,Community Primary School Amaofuo,,
Oru West,2,OZARA WARD,Fencing with gate of Ozara health centre with solar lights inside the premises,Ozara Health Centre,,
Oru West,3,OHAKPU WARD,Perimetre fencing of community primary school Ohakpu,Community Primary School Ohakpu,,
Oru West,4,MGBIDI WARD 2,Fencing of Eziali primary school and two (2) iron gates,Eziali Primary School,,
Oru West,5,IBIASOEGBE WARD,Renovation of the examination hall in comprehensive secondary school Ibiasoegbe,Comprehensive Secondary School Ibiasoegbe,,
Oru West,6,AJI WARD,Re-Building of Eke Aji market dilapidated building,Eke Aji Market,,
Oru West,7,MGBIDI WARD 1,Drilling of a new Solar powered Borehole,Mgbidi Ward 1,,
Oru West,8,OTULU WARD,Borehole at Orie Otulu market axis,Orie Otulu Market,,
Oru West,9,OTULU WARD,Standard toilet facility at Orie Otulu market,Orie Otulu Market,,
Oru West,10,NEMPI/ELEH WARD,Fencing of western Nempi primary school with iron gate,Western Nempi Primary School,,
Oru West,11,UBULU WARD,Completion of Nkwi Ogige health centre, Nkwo Ogige market Axis,Nkwo Ogige Market, Ubulu
Owerri Municipal,IKENEGBU 1,Construction of Public Toilets/ Borehole
Owerri Municipal,IKENEGBU 2,Public Toilet with Borehole and barricade
Owerri Municipal,AZUZI 1,Drilling of Solar Borehole with Barricade
Owerri Municipal,AZUZI 2,Drainage desilting and barricade
Owerri Municipal,AZUZI 3,Construction of Solar Borehole and Barricade
Owerri Municipal,AZUZI 4,Fabrication and installation of barricade
Owerri Municipal,ALADINMA 1,Installation of Borehole
Owerri Municipal,ALADINMA 2,Solar Borehole and renovation of Security Post
Owerri Municipal,NEW OWERRI 1,Solar Borehole and Public Toilet
Owerri Municipal,NEW OWERRI 2,Public Toilet with Borehole.
Owerri Municipal,GRA,Installation of Borehole
Owerri North,1,Emekuku Ward 2,Installation of Solar Powered Borehole at Ubowalla village and Renovation/Conversion to Solar a moribund borehole at Uboegbelu Health Centre,Ubowalla village and Uboegbelu Health Centre
Owerri North,2,Emekuku Ward 1,Installation of Solar Borehole at Umuakuru Village and Renovation/Conversion to solar of a moribund borehole at Ama Okwu Emekeke Village,Umuakuru Village and Ama Okwu Emekeke Village
Owerri North,3,Emii Ward,Construction of 4 classroom blocks at Development School Mbaoma - Emii,Development School Mbaoma - Emii
Owerri North,4,Egbu Ward,Building of 4 block public restroom (toilet) and installation of solar powered Borehole at Afor Egbu market square,Afor Egbu market square
Owerri North,5,Awaka/Ihitta Ward,Building of 4 rooms toilet and installation of solar powered Borehole at Amaokwu Primary School,Amaokwu Primary School
Owerri North,6,Amakohia/Akwakuma Ward,Solar Powered Borehole at Amakohia health center and Roofing of classroom blocks at Community Primary School 1 Amakohia,Amakohia health center and Community Primary School 1 Amakohia
Owerri North,7,Naze Ward,Building/construction of Naze Central Security House/Office at Secondary School opposite Eze's Palace,Secondary School opposite Eze's Palace
Owerri North,8,OAU Ward,Re-roofing of 6 blocks classroom at Ulakwo Community Primary School and Construction of 2 room toilet with water system,Ulakwo Community Primary School
Owerri North,9,Orji Ward,Building of 4 classroom blocks with toilet facility at Community Primary School II Orji,Community Primary School II Orji
Owerri North,10,Obibiezena Ward,Installation of solar powered Borehole at Eshiedi Primary School Ogbeke and building of toilet at John Kennedy Secondary School Orie Obibi Obibiezena,Eshiedi Primary School Ogbeke and John Kennedy Secondary School Orie Obibi Obibiezena
Owerri North,11,Obibi Ward 1,Installation of Solar powered borehole at Nkwo Umuoba and building of toilet facility at Umuorii Market,Nkwo Umuoba and Umuorii Market
Owerri North,12,Obibi Ward 2,Installation of Solar powered borehole at Eke -Emegbuoha Umunahu Market and building of public toilet at Eke -Emegbuoha,Eke -Emegbuoha Umunahu Market and Eke -Emegbuoha
Owerri West,1,NDEGWU CENTER WARD 9,Construction of a block of toilet (4 rooms) with water borehole,NDEGU CENTER,,,
Owerri West,2,IHIAGWA WARD 6,Construction of toilet block (4 rooms) with parking room, septic tank, generating set, borehole and water tank,Nkwo-Ukwu Market Ihiagwa
Owerri West,3,EZIOBODO/EZIOKELE WARD 5,Construction of modern toilet facility,Central Primary School Eziobodo/Eziokele,,,
Owerri West,4,OKOLOCHI/EMEABIAM WARD 4,Renovation/Fencing of community health center with public borehole water,Okolochi Autonomous Community,,,
Owerri West,5,OKUKU WARD 3,Electrification of Health Centre with solar light (7 panels),Okuku Health Centre,,,
Owerri West,6,UMUGUMA WARD 2,Construction of Lock-up Shops,Market Square Umuguma,,,
Owerri West,7,AVU/OFOROLA WARD 1,Construction of Solar-Powered Borehole,Ama-ekwe Obokwu Avu,,,
Owerri West,8,IRETE/OROGWE WARD 10,Construction of four blocks toilets with borehole water,Ukwuezi Primary School Orogwe,,,
Owerri West,9,OBINZE WARD 8,4 room toilet building with soakaway pit and water borehole,Obize,,,
Owerri West,10,NEKEDE WARD 7,Construction of solar powered borehole with four room block water system toilet,Umualum Nekede,,,
